{
  "resourceType" : "ValueSet",
  "id" : "44eba26e-b4bf-4868-9e92-a28e56929eca-8",
  "url" : "http://hl7.org/fhir/comparison/ValueSet/44eba26e-b4bf-4868-9e92-a28e56929eca-8",
  "name" : "UnionKBV_VS_BASE_GemRS_Anlage_8AndKBV_VS_Base_Deuev_Anlage_8",
  "title" : "Union of null And Land/Wohnsitzländercode",
  "status" : "active",
  "date" : "2023-01-06T13:07:15+01:00",
  "compose" : {
    "include" : [{
      "concept" : [{
        "code" : "D",
        "display" : "Deutschland"
      },
      {
        "code" : "AFG",
        "display" : "Afghanistan"
      },
      {
        "code" : "ET",
        "display" : "Ägypten"
      },
      {
        "code" : "AL",
        "display" : "Albanien"
      },
      {
        "code" : "DZ",
        "display" : "Algerien"
      },
      {
        "code" : "AJ",
        "display" : "Amerik.-Jungferninseln"
      },
      {
        "code" : "AS",
        "display" : "Amerik.-Samoa"
      },
      {
        "code" : "AND",
        "display" : "Andorra"
      },
      {
        "code" : "AGO",
        "display" : "Angola"
      },
      {
        "code" : "ANG",
        "display" : "Anguilla"
      },
      {
        "code" : "ANT",
        "display" : "Antigua und Barbuda"
      },
      {
        "code" : "AQU",
        "display" : "Äquatorialguinea"
      },
      {
        "code" : "RA",
        "display" : "Argentinien"
      },
      {
        "code" : "ARM",
        "display" : "Armenien"
      },
      {
        "code" : "ASE",
        "display" : "Aserbaidschan"
      },
      {
        "code" : "ETH",
        "display" : "Äthiopien"
      },
      {
        "code" : "AUS",
        "display" : "Australien"
      },
      {
        "code" : "BS",
        "display" : "Bahamas"
      },
      {
        "code" : "BRN",
        "display" : "Bahrain"
      },
      {
        "code" : "BD",
        "display" : "Bangladesch"
      },
      {
        "code" : "BDS",
        "display" : "Barbados"
      },
      {
        "code" : "B",
        "display" : "Belgien"
      },
      {
        "code" : "BH",
        "display" : "Belize"
      },
      {
        "code" : "DY",
        "display" : "Benin"
      },
      {
        "code" : "BER",
        "display" : "Bermuda"
      },
      {
        "code" : "BHT",
        "display" : "Bhutan"
      },
      {
        "code" : "BOL",
        "display" : "Bolivien"
      },
      {
        "code" : "BIH",
        "display" : "Bosnien und Herzegowina"
      },
      {
        "code" : "RB",
        "display" : "Botsuana"
      },
      {
        "code" : "BR",
        "display" : "Brasilien"
      },
      {
        "code" : "BJ",
        "display" : "Brit.-Jungferninseln"
      },
      {
        "code" : "BRU",
        "display" : "Brunei Darussalam"
      },
      {
        "code" : "BG",
        "display" : "Bulgarien"
      },
      {
        "code" : "HV",
        "display" : "Burkina Faso"
      },
      {
        "code" : "RU",
        "display" : "Burundi"
      },
      {
        "code" : "RCH",
        "display" : "Chile"
      },
      {
        "code" : "TJ",
        "display" : "China"
      },
      {
        "code" : "COI",
        "display" : "Cookinseln"
      },
      {
        "code" : "CR",
        "display" : "Costa Rica"
      },
      {
        "code" : "CI",
        "display" : "Cote d`Ivoire"
      },
      {
        "code" : "DK",
        "display" : "Dänemark"
      },
      {
        "code" : "WD",
        "display" : "Dominica"
      },
      {
        "code" : "DOM",
        "display" : "Dominikanische Republik"
      },
      {
        "code" : "DSC",
        "display" : "Dschibuti"
      },
      {
        "code" : "EC",
        "display" : "Ecuador"
      },
      {
        "code" : "ES",
        "display" : "El Salvador"
      },
      {
        "code" : "ERI",
        "display" : "Eritrea"
      },
      {
        "code" : "EST",
        "display" : "Estland"
      },
      {
        "code" : "FAL",
        "display" : "Falklandinseln"
      },
      {
        "code" : "FR",
        "display" : "Färöer"
      },
      {
        "code" : "FJI",
        "display" : "Fidschi"
      },
      {
        "code" : "FIN",
        "display" : "Finnland"
      },
      {
        "code" : "F",
        "display" : "Frankreich"
      },
      {
        "code" : "FG",
        "display" : "Franz.-Guayana"
      },
      {
        "code" : "FP",
        "display" : "Franz.-Polynesien"
      },
      {
        "code" : "GAB",
        "display" : "Gabun"
      },
      {
        "code" : "WAG",
        "display" : "Gambia"
      },
      {
        "code" : "GEO",
        "display" : "Georgien"
      },
      {
        "code" : "GH",
        "display" : "Ghana"
      },
      {
        "code" : "GIB",
        "display" : "Gibraltar"
      },
      {
        "code" : "WG",
        "display" : "Grenada"
      },
      {
        "code" : "GR",
        "display" : "Griechenland"
      },
      {
        "code" : "GRO",
        "display" : "Grönland"
      },
      {
        "code" : "GB",
        "display" : "Großbritannien und Nordirland"
      },
      {
        "code" : "GUA",
        "display" : "Guadeloupe"
      },
      {
        "code" : "GUM",
        "display" : "Guam"
      },
      {
        "code" : "GCA",
        "display" : "Guatemala"
      },
      {
        "code" : "RG",
        "display" : "Guinea"
      },
      {
        "code" : "GUB",
        "display" : "Guinea-Bissau"
      },
      {
        "code" : "GUY",
        "display" : "Guyana"
      },
      {
        "code" : "RH",
        "display" : "Haiti"
      },
      {
        "code" : "HCA",
        "display" : "Honduras"
      },
      {
        "code" : "HKG",
        "display" : "Hongkong"
      },
      {
        "code" : "IND",
        "display" : "Indien"
      },
      {
        "code" : "RI",
        "display" : "Indonesien"
      },
      {
        "code" : "MAN",
        "display" : "Insel Man"
      },
      {
        "code" : "IRQ",
        "display" : "Irak"
      },
      {
        "code" : "IR",
        "display" : "\"Iran, Islamische Republik\""
      },
      {
        "code" : "IRL",
        "display" : "Irland"
      },
      {
        "code" : "IS",
        "display" : "Island"
      },
      {
        "code" : "IL",
        "display" : "Israel"
      },
      {
        "code" : "I",
        "display" : "Italien"
      },
      {
        "code" : "JA",
        "display" : "Jamaika"
      },
      {
        "code" : "J",
        "display" : "Japan"
      },
      {
        "code" : "YEM",
        "display" : "Jemen"
      },
      {
        "code" : "JOR",
        "display" : "Jordanien"
      },
      {
        "code" : "YU",
        "display" : "Jugoslawien"
      },
      {
        "code" : "KAI",
        "display" : "Kaimaninseln"
      },
      {
        "code" : "K",
        "display" : "Kambodscha"
      },
      {
        "code" : "CAM",
        "display" : "Kamerun"
      },
      {
        "code" : "CDN",
        "display" : "Kanada"
      },
      {
        "code" : "KAN",
        "display" : "Kanalinseln"
      },
      {
        "code" : "CV",
        "display" : "Kap Verde"
      },
      {
        "code" : "KAS",
        "display" : "Kasachstan"
      },
      {
        "code" : "QAT",
        "display" : "Katar/Qatar"
      },
      {
        "code" : "EAK",
        "display" : "Kenia"
      },
      {
        "code" : "KIS",
        "display" : "Kirgisistan"
      },
      {
        "code" : "KIB",
        "display" : "Kiribati"
      },
      {
        "code" : "CO",
        "display" : "Kolumbien"
      },
      {
        "code" : "KOM",
        "display" : "Komoren"
      },
      {
        "code" : "RCB",
        "display" : "Kongo"
      },
      {
        "code" : "ZRE",
        "display" : "\"Kongo, Dem. Republik\""
      },
      {
        "code" : "KOR",
        "display" : "\"Korea, Dem. Volksrepublik\""
      },
      {
        "code" : "ROK",
        "display" : "\"Korea, Republik\""
      },
      {
        "code" : "KOS",
        "display" : "Kosovo"
      },
      {
        "code" : "HR",
        "display" : "Kroatien"
      },
      {
        "code" : "C",
        "display" : "Kuba"
      },
      {
        "code" : "KWT",
        "display" : "Kuwait"
      },
      {
        "code" : "LAO",
        "display" : "\"Laos, Dem. Volksrepublik\""
      },
      {
        "code" : "LS",
        "display" : "Lesotho"
      },
      {
        "code" : "LV",
        "display" : "Lettland"
      },
      {
        "code" : "RL",
        "display" : "Libanon"
      },
      {
        "code" : "LB",
        "display" : "Liberia"
      },
      {
        "code" : "LAR",
        "display" : "Libyen"
      },
      {
        "code" : "FL",
        "display" : "Liechtenstein"
      },
      {
        "code" : "LT",
        "display" : "Litauen"
      },
      {
        "code" : "L",
        "display" : "Luxemburg"
      },
      {
        "code" : "MAC",
        "display" : "Macau"
      },
      {
        "code" : "RM",
        "display" : "Madagaskar"
      },
      {
        "code" : "MK",
        "display" : "Makedonien / Mazedonien"
      },
      {
        "code" : "MW",
        "display" : "Malawi"
      },
      {
        "code" : "MAL",
        "display" : "Malaysia"
      },
      {
        "code" : "BIO",
        "display" : "Malediven"
      },
      {
        "code" : "RMM",
        "display" : "Mali"
      },
      {
        "code" : "M",
        "display" : "Malta"
      },
      {
        "code" : "MA",
        "display" : "Marokko"
      },
      {
        "code" : "MAR",
        "display" : "Marshallinseln"
      },
      {
        "code" : "MAT",
        "display" : "Martinique"
      },
      {
        "code" : "RIM",
        "display" : "Mauretanien"
      },
      {
        "code" : "MS",
        "display" : "Mauritius"
      },
      {
        "code" : "MAY",
        "display" : "Mayotte"
      },
      {
        "code" : "MEX",
        "display" : "Mexiko"
      },
      {
        "code" : "MIK",
        "display" : "\"Mikronesien, Föderierte Staaten von\""
      },
      {
        "code" : "MD",
        "display" : "Moldau"
      },
      {
        "code" : "MC",
        "display" : "Monaco"
      },
      {
        "code" : "MON",
        "display" : "Mongolei"
      },
      {
        "code" : "MNE",
        "display" : "Montenegro"
      },
      {
        "code" : "MOT",
        "display" : "Montserrat"
      },
      {
        "code" : "MOZ",
        "display" : "Mosambik"
      },
      {
        "code" : "MYA",
        "display" : "Myanmar"
      },
      {
        "code" : "SWA",
        "display" : "Namibia"
      },
      {
        "code" : "NAU",
        "display" : "Nauru"
      },
      {
        "code" : "NEP",
        "display" : "Nepal"
      },
      {
        "code" : "NKA",
        "display" : "Neukaledonien"
      },
      {
        "code" : "NZ",
        "display" : "Neuseeland"
      },
      {
        "code" : "NIC",
        "display" : "Nicaragua"
      },
      {
        "code" : "NL",
        "display" : "Niederlande"
      },
      {
        "code" : "NLA",
        "display" : "Niederländische Antillen"
      },
      {
        "code" : "RN",
        "display" : "Niger"
      },
      {
        "code" : "WAN",
        "display" : "Nigeria"
      },
      {
        "code" : "NIU",
        "display" : "Niue"
      },
      {
        "code" : "NMA",
        "display" : "Nördliche Marianen"
      },
      {
        "code" : "N",
        "display" : "Norwegen"
      },
      {
        "code" : "MAO",
        "display" : "Oman"
      },
      {
        "code" : "A",
        "display" : "Österreich"
      },
      {
        "code" : "PK",
        "display" : "Pakistan"
      },
      {
        "code" : "PSE",
        "display" : "Palästinensische Gebiete"
      },
      {
        "code" : "PAL",
        "display" : "Palau"
      },
      {
        "code" : "PA",
        "display" : "Panama"
      },
      {
        "code" : "PNG",
        "display" : "Papua-Neugiunea"
      },
      {
        "code" : "PY",
        "display" : "Paraguay"
      },
      {
        "code" : "PIN",
        "display" : "Pazifische Inseln (Marianen- und Karolineninseln)"
      },
      {
        "code" : "PE",
        "display" : "Peru"
      },
      {
        "code" : "RP",
        "display" : "Philippinen"
      },
      {
        "code" : "PIT",
        "display" : "Pitcairn-Insel"
      },
      {
        "code" : "PL",
        "display" : "Polen"
      },
      {
        "code" : "P",
        "display" : "Portugal"
      },
      {
        "code" : "PRI",
        "display" : "Puerto Rico"
      },
      {
        "code" : "REU",
        "display" : "Réunion"
      },
      {
        "code" : "RWA",
        "display" : "Ruanda"
      },
      {
        "code" : "RO",
        "display" : "Rumänien"
      },
      {
        "code" : "RUS",
        "display" : "Russische Föderation"
      },
      {
        "code" : "PIE",
        "display" : "Saint Pierre und Miquelon"
      },
      {
        "code" : "SOL",
        "display" : "Salomonen"
      },
      {
        "code" : "Z",
        "display" : "Sambia"
      },
      {
        "code" : "WS",
        "display" : "Samoa"
      },
      {
        "code" : "RSM",
        "display" : "San Marino"
      },
      {
        "code" : "STP",
        "display" : "Sao Tomé und Principe"
      },
      {
        "code" : "SAU",
        "display" : "Saudi-Arabien"
      },
      {
        "code" : "S",
        "display" : "Schweden"
      },
      {
        "code" : "CH",
        "display" : "Schweiz"
      },
      {
        "code" : "SN",
        "display" : "Senegal"
      },
      {
        "code" : "SRB",
        "display" : "Serbien (einschl. Kosovo)"
      },
      {
        "code" : "SCG",
        "display" : "Serbien und Montenegro"
      },
      {
        "code" : "SY",
        "display" : "Seychellen"
      },
      {
        "code" : "WAL",
        "display" : "Sierra Leone"
      },
      {
        "code" : "ZW",
        "display" : "Simbabwe"
      },
      {
        "code" : "SGP",
        "display" : "Singapur"
      },
      {
        "code" : "SK",
        "display" : "Slowakei"
      },
      {
        "code" : "SLO",
        "display" : "Slowenien"
      },
      {
        "code" : "SP",
        "display" : "Somalia"
      },
      {
        "code" : "E",
        "display" : "Spanien"
      },
      {
        "code" : "CL",
        "display" : "Sri Lanka"
      },
      {
        "code" : "HEL",
        "display" : "St. Helena einschl. Ascension"
      },
      {
        "code" : "SCN",
        "display" : "St. Kitts und Nevis"
      },
      {
        "code" : "WL",
        "display" : "St. Lucia"
      },
      {
        "code" : "WV",
        "display" : "St. Vincent und die Grenadinen"
      },
      {
        "code" : "ZA",
        "display" : "Südafrika"
      },
      {
        "code" : "SUD",
        "display" : "Sudan"
      },
      {
        "code" : "SDN",
        "display" : "Republik Sudan (ohne Südsudan)"
      },
      {
        "code" : "SSD",
        "display" : "Südsudan (Republik Südsudan)"
      },
      {
        "code" : "SME",
        "display" : "Suriname"
      },
      {
        "code" : "SD",
        "display" : "Swasiland"
      },
      {
        "code" : "SYR",
        "display" : "\"Syrien, Arabische Republik\""
      },
      {
        "code" : "TAD",
        "display" : "Tadschikistan"
      },
      {
        "code" : "TWN",
        "display" : "Taiwan"
      },
      {
        "code" : "EAT",
        "display" : "\"Tansania, Vereinigte Republik\""
      },
      {
        "code" : "T",
        "display" : "Thailand"
      },
      {
        "code" : "OTI",
        "display" : "Timor-Leste"
      },
      {
        "code" : "TG",
        "display" : "Togo"
      },
      {
        "code" : "TOK",
        "display" : "Tokelau-Inseln"
      },
      {
        "code" : "TON",
        "display" : "Tonga"
      },
      {
        "code" : "TT",
        "display" : "Trinidad und Tobago"
      },
      {
        "code" : "CHD",
        "display" : "Tschad"
      },
      {
        "code" : "CZ",
        "display" : "Tschechische Republik"
      },
      {
        "code" : "TN",
        "display" : "Tunesien"
      },
      {
        "code" : "TR",
        "display" : "Türkei"
      },
      {
        "code" : "TUR",
        "display" : "Turkmenistan"
      },
      {
        "code" : "TUC",
        "display" : "Turks- und Caicosinseln"
      },
      {
        "code" : "TUV",
        "display" : "Tuvalu"
      },
      {
        "code" : "EAU",
        "display" : "Uganda"
      },
      {
        "code" : "UA",
        "display" : "Ukraine"
      },
      {
        "code" : "H",
        "display" : "Ungarn"
      },
      {
        "code" : "ROU",
        "display" : "Uruguay"
      },
      {
        "code" : "USB",
        "display" : "Usbekistan"
      },
      {
        "code" : "VAN",
        "display" : "Vanuatu"
      },
      {
        "code" : "V",
        "display" : "Vatikanstadt"
      },
      {
        "code" : "YV",
        "display" : "Venezuela"
      },
      {
        "code" : "UAE",
        "display" : "Vereinigte Arabische Emirate"
      },
      {
        "code" : "USA",
        "display" : "Vereinigte Staaten"
      },
      {
        "code" : "VN",
        "display" : "Vietnam"
      },
      {
        "code" : "BY",
        "display" : "Weißrußland (Belarus)"
      },
      {
        "code" : "RCA",
        "display" : "Zentralafrikanische Republik"
      },
      {
        "code" : "CY",
        "display" : "Zypern"
      }]
    }]
  },
  "expansion" : {
    "contains" : [{
      "system" : "http://fhir.de/CodeSystem/deuev/anlage-8-laenderkennzeichen",
      "code" : "D",
      "display" : "Deutschland"
    },
    {
      "system" : "http://fhir.de/CodeSystem/deuev/anlage-8-laenderkennzeichen",
      "code" : "AFG",
      "display" : "Afghanistan"
    },
    {
      "system" : "http://fhir.de/CodeSystem/deuev/anlage-8-laenderkennzeichen",
      "code" : "ET",
      "display" : "Ägypten"
    },
    {
      "system" : "http://fhir.de/CodeSystem/deuev/anlage-8-laenderkennzeichen",
      "code" : "AL",
      "display" : "Albanien"
    },
    {
      "system" : "http://fhir.de/CodeSystem/deuev/anlage-8-laenderkennzeichen",
      "code" : "DZ",
      "display" : "Algerien"
    },
    {
      "system" : "http://fhir.de/CodeSystem/deuev/anlage-8-laenderkennzeichen",
      "code" : "AJ",
      "display" : "Amerik.-Jungferninseln"
    },
    {
      "system" : "http://fhir.de/CodeSystem/deuev/anlage-8-laenderkennzeichen",
      "code" : "AS",
      "display" : "Amerik.-Samoa"
    },
    {
      "system" : "http://fhir.de/CodeSystem/deuev/anlage-8-laenderkennzeichen",
      "code" : "AND",
      "display" : "Andorra"
    },
    {
      "system" : "http://fhir.de/CodeSystem/deuev/anlage-8-laenderkennzeichen",
      "code" : "AGO",
      "display" : "Angola"
    },
    {
      "system" : "http://fhir.de/CodeSystem/deuev/anlage-8-laenderkennzeichen",
      "code" : "ANG",
      "display" : "Anguilla"
    },
    {
      "system" : "http://fhir.de/CodeSystem/deuev/anlage-8-laenderkennzeichen",
      "code" : "ANT",
      "display" : "Antigua und Barbuda"
    },
    {
      "system" : "http://fhir.de/CodeSystem/deuev/anlage-8-laenderkennzeichen",
      "code" : "AQU",
      "display" : "Äquatorialguinea"
    },
    {
      "system" : "http://fhir.de/CodeSystem/deuev/anlage-8-laenderkennzeichen",
      "code" : "RA",
      "display" : "Argentinien"
    },
    {
      "system" : "http://fhir.de/CodeSystem/deuev/anlage-8-laenderkennzeichen",
      "code" : "ARM",
      "display" : "Armenien"
    },
    {
      "system" : "http://fhir.de/CodeSystem/deuev/anlage-8-laenderkennzeichen",
      "code" : "ASE",
      "display" : "Aserbaidschan"
    },
    {
      "system" : "http://fhir.de/CodeSystem/deuev/anlage-8-laenderkennzeichen",
      "code" : "ETH",
      "display" : "Äthiopien"
    },
    {
      "system" : "http://fhir.de/CodeSystem/deuev/anlage-8-laenderkennzeichen",
      "code" : "AUS",
      "display" : "Australien"
    },
    {
      "system" : "http://fhir.de/CodeSystem/deuev/anlage-8-laenderkennzeichen",
      "code" : "BS",
      "display" : "Bahamas"
    },
    {
      "system" : "http://fhir.de/CodeSystem/deuev/anlage-8-laenderkennzeichen",
      "code" : "BRN",
      "display" : "Bahrain"
    },
    {
      "system" : "http://fhir.de/CodeSystem/deuev/anlage-8-laenderkennzeichen",
      "code" : "BD",
      "display" : "Bangladesch"
    },
    {
      "system" : "http://fhir.de/CodeSystem/deuev/anlage-8-laenderkennzeichen",
      "code" : "BDS",
      "display" : "Barbados"
    },
    {
      "system" : "http://fhir.de/CodeSystem/deuev/anlage-8-laenderkennzeichen",
      "code" : "B",
      "display" : "Belgien"
    },
    {
      "system" : "http://fhir.de/CodeSystem/deuev/anlage-8-laenderkennzeichen",
      "code" : "BH",
      "display" : "Belize"
    },
    {
      "system" : "http://fhir.de/CodeSystem/deuev/anlage-8-laenderkennzeichen",
      "code" : "DY",
      "display" : "Benin"
    },
    {
      "system" : "http://fhir.de/CodeSystem/deuev/anlage-8-laenderkennzeichen",
      "code" : "BER",
      "display" : "Bermuda"
    },
    {
      "system" : "http://fhir.de/CodeSystem/deuev/anlage-8-laenderkennzeichen",
      "code" : "BHT",
      "display" : "Bhutan"
    },
    {
      "system" : "http://fhir.de/CodeSystem/deuev/anlage-8-laenderkennzeichen",
      "code" : "BOL",
      "display" : "Bolivien"
    },
    {
      "system" : "http://fhir.de/CodeSystem/deuev/anlage-8-laenderkennzeichen",
      "code" : "BIH",
      "display" : "Bosnien und Herzegowina"
    },
    {
      "system" : "http://fhir.de/CodeSystem/deuev/anlage-8-laenderkennzeichen",
      "code" : "RB",
      "display" : "Botsuana"
    },
    {
      "system" : "http://fhir.de/CodeSystem/deuev/anlage-8-laenderkennzeichen",
      "code" : "BR",
      "display" : "Brasilien"
    },
    {
      "system" : "http://fhir.de/CodeSystem/deuev/anlage-8-laenderkennzeichen",
      "code" : "BJ",
      "display" : "Brit.-Jungferninseln"
    },
    {
      "system" : "http://fhir.de/CodeSystem/deuev/anlage-8-laenderkennzeichen",
      "code" : "BRU",
      "display" : "Brunei Darussalam"
    },
    {
      "system" : "http://fhir.de/CodeSystem/deuev/anlage-8-laenderkennzeichen",
      "code" : "BG",
      "display" : "Bulgarien"
    },
    {
      "system" : "http://fhir.de/CodeSystem/deuev/anlage-8-laenderkennzeichen",
      "code" : "HV",
      "display" : "Burkina Faso"
    },
    {
      "system" : "http://fhir.de/CodeSystem/deuev/anlage-8-laenderkennzeichen",
      "code" : "RU",
      "display" : "Burundi"
    },
    {
      "system" : "http://fhir.de/CodeSystem/deuev/anlage-8-laenderkennzeichen",
      "code" : "RCH",
      "display" : "Chile"
    },
    {
      "system" : "http://fhir.de/CodeSystem/deuev/anlage-8-laenderkennzeichen",
      "code" : "TJ",
      "display" : "China"
    },
    {
      "system" : "http://fhir.de/CodeSystem/deuev/anlage-8-laenderkennzeichen",
      "code" : "COI",
      "display" : "Cookinseln"
    },
    {
      "system" : "http://fhir.de/CodeSystem/deuev/anlage-8-laenderkennzeichen",
      "code" : "CR",
      "display" : "Costa Rica"
    },
    {
      "system" : "http://fhir.de/CodeSystem/deuev/anlage-8-laenderkennzeichen",
      "code" : "CI",
      "display" : "Cote d ́Ivoire"
    },
    {
      "system" : "http://fhir.de/CodeSystem/deuev/anlage-8-laenderkennzeichen",
      "code" : "DK",
      "display" : "Dänemark"
    },
    {
      "system" : "http://fhir.de/CodeSystem/deuev/anlage-8-laenderkennzeichen",
      "code" : "WD",
      "display" : "Dominica"
    },
    {
      "system" : "http://fhir.de/CodeSystem/deuev/anlage-8-laenderkennzeichen",
      "code" : "DOM",
      "display" : "Dominikanische Republik"
    },
    {
      "system" : "http://fhir.de/CodeSystem/deuev/anlage-8-laenderkennzeichen",
      "code" : "DSC",
      "display" : "Dschibuti"
    },
    {
      "system" : "http://fhir.de/CodeSystem/deuev/anlage-8-laenderkennzeichen",
      "code" : "EC",
      "display" : "Ecuador"
    },
    {
      "system" : "http://fhir.de/CodeSystem/deuev/anlage-8-laenderkennzeichen",
      "code" : "ES",
      "display" : "El Salvador"
    },
    {
      "system" : "http://fhir.de/CodeSystem/deuev/anlage-8-laenderkennzeichen",
      "code" : "ERI",
      "display" : "Eritrea"
    },
    {
      "system" : "http://fhir.de/CodeSystem/deuev/anlage-8-laenderkennzeichen",
      "code" : "EST",
      "display" : "Estland"
    },
    {
      "system" : "http://fhir.de/CodeSystem/deuev/anlage-8-laenderkennzeichen",
      "code" : "FAL",
      "display" : "Falklandinseln"
    },
    {
      "system" : "http://fhir.de/CodeSystem/deuev/anlage-8-laenderkennzeichen",
      "code" : "FR",
      "display" : "Färöer"
    },
    {
      "system" : "http://fhir.de/CodeSystem/deuev/anlage-8-laenderkennzeichen",
      "code" : "FJI",
      "display" : "Fidschi"
    },
    {
      "system" : "http://fhir.de/CodeSystem/deuev/anlage-8-laenderkennzeichen",
      "code" : "FIN",
      "display" : "Finnland"
    },
    {
      "system" : "http://fhir.de/CodeSystem/deuev/anlage-8-laenderkennzeichen",
      "code" : "F",
      "display" : "Frankreich"
    },
    {
      "system" : "http://fhir.de/CodeSystem/deuev/anlage-8-laenderkennzeichen",
      "code" : "FG",
      "display" : "Franz.-Guayana"
    },
    {
      "system" : "http://fhir.de/CodeSystem/deuev/anlage-8-laenderkennzeichen",
      "code" : "FP",
      "display" : "Franz.-Polynesien"
    },
    {
      "system" : "http://fhir.de/CodeSystem/deuev/anlage-8-laenderkennzeichen",
      "code" : "GAB",
      "display" : "Gabun"
    },
    {
      "system" : "http://fhir.de/CodeSystem/deuev/anlage-8-laenderkennzeichen",
      "code" : "WAG",
      "display" : "Gambia"
    },
    {
      "system" : "http://fhir.de/CodeSystem/deuev/anlage-8-laenderkennzeichen",
      "code" : "GEO",
      "display" : "Georgien"
    },
    {
      "system" : "http://fhir.de/CodeSystem/deuev/anlage-8-laenderkennzeichen",
      "code" : "GH",
      "display" : "Ghana"
    },
    {
      "system" : "http://fhir.de/CodeSystem/deuev/anlage-8-laenderkennzeichen",
      "code" : "GIB",
      "display" : "Gibraltar"
    },
    {
      "system" : "http://fhir.de/CodeSystem/deuev/anlage-8-laenderkennzeichen",
      "code" : "WG",
      "display" : "Grenada"
    },
    {
      "system" : "http://fhir.de/CodeSystem/deuev/anlage-8-laenderkennzeichen",
      "code" : "GR",
      "display" : "Griechenland"
    },
    {
      "system" : "http://fhir.de/CodeSystem/deuev/anlage-8-laenderkennzeichen",
      "code" : "GRO",
      "display" : "Grönland"
    },
    {
      "system" : "http://fhir.de/CodeSystem/deuev/anlage-8-laenderkennzeichen",
      "code" : "GB",
      "display" : "Großbritannien und Nordirland"
    },
    {
      "system" : "http://fhir.de/CodeSystem/deuev/anlage-8-laenderkennzeichen",
      "code" : "GUA",
      "display" : "Guadeloupe"
    },
    {
      "system" : "http://fhir.de/CodeSystem/deuev/anlage-8-laenderkennzeichen",
      "code" : "GUM",
      "display" : "Guam"
    },
    {
      "system" : "http://fhir.de/CodeSystem/deuev/anlage-8-laenderkennzeichen",
      "code" : "GCA",
      "display" : "Guatemala"
    },
    {
      "system" : "http://fhir.de/CodeSystem/deuev/anlage-8-laenderkennzeichen",
      "code" : "RG",
      "display" : "Guinea"
    },
    {
      "system" : "http://fhir.de/CodeSystem/deuev/anlage-8-laenderkennzeichen",
      "code" : "GUB",
      "display" : "Guinea-Bissau"
    },
    {
      "system" : "http://fhir.de/CodeSystem/deuev/anlage-8-laenderkennzeichen",
      "code" : "GUY",
      "display" : "Guyana"
    },
    {
      "system" : "http://fhir.de/CodeSystem/deuev/anlage-8-laenderkennzeichen",
      "code" : "RH",
      "display" : "Haiti"
    },
    {
      "system" : "http://fhir.de/CodeSystem/deuev/anlage-8-laenderkennzeichen",
      "code" : "HCA",
      "display" : "Honduras"
    },
    {
      "system" : "http://fhir.de/CodeSystem/deuev/anlage-8-laenderkennzeichen",
      "code" : "HKG",
      "display" : "Hongkong"
    },
    {
      "system" : "http://fhir.de/CodeSystem/deuev/anlage-8-laenderkennzeichen",
      "code" : "IND",
      "display" : "Indien"
    },
    {
      "system" : "http://fhir.de/CodeSystem/deuev/anlage-8-laenderkennzeichen",
      "code" : "RI",
      "display" : "Indonesien"
    },
    {
      "system" : "http://fhir.de/CodeSystem/deuev/anlage-8-laenderkennzeichen",
      "code" : "MAN",
      "display" : "Insel Man"
    },
    {
      "system" : "http://fhir.de/CodeSystem/deuev/anlage-8-laenderkennzeichen",
      "code" : "IRQ",
      "display" : "Irak"
    },
    {
      "system" : "http://fhir.de/CodeSystem/deuev/anlage-8-laenderkennzeichen",
      "code" : "IR",
      "display" : "\"Iran, Islamische Republik\""
    },
    {
      "system" : "http://fhir.de/CodeSystem/deuev/anlage-8-laenderkennzeichen",
      "code" : "IRL",
      "display" : "Irland"
    },
    {
      "system" : "http://fhir.de/CodeSystem/deuev/anlage-8-laenderkennzeichen",
      "code" : "IS",
      "display" : "Island"
    },
    {
      "system" : "http://fhir.de/CodeSystem/deuev/anlage-8-laenderkennzeichen",
      "code" : "IL",
      "display" : "Israel"
    },
    {
      "system" : "http://fhir.de/CodeSystem/deuev/anlage-8-laenderkennzeichen",
      "code" : "I",
      "display" : "Italien"
    },
    {
      "system" : "http://fhir.de/CodeSystem/deuev/anlage-8-laenderkennzeichen",
      "code" : "JA",
      "display" : "Jamaika"
    },
    {
      "system" : "http://fhir.de/CodeSystem/deuev/anlage-8-laenderkennzeichen",
      "code" : "J",
      "display" : "Japan"
    },
    {
      "system" : "http://fhir.de/CodeSystem/deuev/anlage-8-laenderkennzeichen",
      "code" : "YEM",
      "display" : "Jemen"
    },
    {
      "system" : "http://fhir.de/CodeSystem/deuev/anlage-8-laenderkennzeichen",
      "code" : "JOR",
      "display" : "Jordanien"
    },
    {
      "system" : "http://fhir.de/CodeSystem/deuev/anlage-8-laenderkennzeichen",
      "code" : "YU",
      "display" : "Jugoslawien"
    },
    {
      "system" : "http://fhir.de/CodeSystem/deuev/anlage-8-laenderkennzeichen",
      "code" : "KAI",
      "display" : "Kaimaninseln"
    },
    {
      "system" : "http://fhir.de/CodeSystem/deuev/anlage-8-laenderkennzeichen",
      "code" : "K",
      "display" : "Kambodscha"
    },
    {
      "system" : "http://fhir.de/CodeSystem/deuev/anlage-8-laenderkennzeichen",
      "code" : "CAM",
      "display" : "Kamerun"
    },
    {
      "system" : "http://fhir.de/CodeSystem/deuev/anlage-8-laenderkennzeichen",
      "code" : "CDN",
      "display" : "Kanada"
    },
    {
      "system" : "http://fhir.de/CodeSystem/deuev/anlage-8-laenderkennzeichen",
      "code" : "KAN",
      "display" : "Kanalinseln"
    },
    {
      "system" : "http://fhir.de/CodeSystem/deuev/anlage-8-laenderkennzeichen",
      "code" : "CV",
      "display" : "Kap Verde"
    },
    {
      "system" : "http://fhir.de/CodeSystem/deuev/anlage-8-laenderkennzeichen",
      "code" : "KAS",
      "display" : "Kasachstan"
    },
    {
      "system" : "http://fhir.de/CodeSystem/deuev/anlage-8-laenderkennzeichen",
      "code" : "QAT",
      "display" : "Katar/Qatar"
    },
    {
      "system" : "http://fhir.de/CodeSystem/deuev/anlage-8-laenderkennzeichen",
      "code" : "EAK",
      "display" : "Kenia"
    },
    {
      "system" : "http://fhir.de/CodeSystem/deuev/anlage-8-laenderkennzeichen",
      "code" : "KIS",
      "display" : "Kirgisistan"
    },
    {
      "system" : "http://fhir.de/CodeSystem/deuev/anlage-8-laenderkennzeichen",
      "code" : "KIB",
      "display" : "Kiribati"
    },
    {
      "system" : "http://fhir.de/CodeSystem/deuev/anlage-8-laenderkennzeichen",
      "code" : "CO",
      "display" : "Kolumbien"
    },
    {
      "system" : "http://fhir.de/CodeSystem/deuev/anlage-8-laenderkennzeichen",
      "code" : "KOM",
      "display" : "Komoren"
    },
    {
      "system" : "http://fhir.de/CodeSystem/deuev/anlage-8-laenderkennzeichen",
      "code" : "RCB",
      "display" : "Kongo"
    },
    {
      "system" : "http://fhir.de/CodeSystem/deuev/anlage-8-laenderkennzeichen",
      "code" : "ZRE",
      "display" : "\"Kongo, Dem. Republik\""
    },
    {
      "system" : "http://fhir.de/CodeSystem/deuev/anlage-8-laenderkennzeichen",
      "code" : "KOR",
      "display" : "\"Korea, Dem. Volksrepublik\""
    },
    {
      "system" : "http://fhir.de/CodeSystem/deuev/anlage-8-laenderkennzeichen",
      "code" : "ROK",
      "display" : "\"Korea, Republik\""
    },
    {
      "system" : "http://fhir.de/CodeSystem/deuev/anlage-8-laenderkennzeichen",
      "code" : "KOS",
      "display" : "Kosovo"
    },
    {
      "system" : "http://fhir.de/CodeSystem/deuev/anlage-8-laenderkennzeichen",
      "code" : "HR",
      "display" : "Kroatien"
    },
    {
      "system" : "http://fhir.de/CodeSystem/deuev/anlage-8-laenderkennzeichen",
      "code" : "C",
      "display" : "Kuba"
    },
    {
      "system" : "http://fhir.de/CodeSystem/deuev/anlage-8-laenderkennzeichen",
      "code" : "KWT",
      "display" : "Kuwait"
    },
    {
      "system" : "http://fhir.de/CodeSystem/deuev/anlage-8-laenderkennzeichen",
      "code" : "LAO",
      "display" : "\"Laos, Dem. Volksrepublik\""
    },
    {
      "system" : "http://fhir.de/CodeSystem/deuev/anlage-8-laenderkennzeichen",
      "code" : "LS",
      "display" : "Lesotho"
    },
    {
      "system" : "http://fhir.de/CodeSystem/deuev/anlage-8-laenderkennzeichen",
      "code" : "LV",
      "display" : "Lettland"
    },
    {
      "system" : "http://fhir.de/CodeSystem/deuev/anlage-8-laenderkennzeichen",
      "code" : "RL",
      "display" : "Libanon"
    },
    {
      "system" : "http://fhir.de/CodeSystem/deuev/anlage-8-laenderkennzeichen",
      "code" : "LB",
      "display" : "Liberia"
    },
    {
      "system" : "http://fhir.de/CodeSystem/deuev/anlage-8-laenderkennzeichen",
      "code" : "LAR",
      "display" : "Libyen"
    },
    {
      "system" : "http://fhir.de/CodeSystem/deuev/anlage-8-laenderkennzeichen",
      "code" : "FL",
      "display" : "Liechtenstein"
    },
    {
      "system" : "http://fhir.de/CodeSystem/deuev/anlage-8-laenderkennzeichen",
      "code" : "LT",
      "display" : "Litauen"
    },
    {
      "system" : "http://fhir.de/CodeSystem/deuev/anlage-8-laenderkennzeichen",
      "code" : "L",
      "display" : "Luxemburg"
    },
    {
      "system" : "http://fhir.de/CodeSystem/deuev/anlage-8-laenderkennzeichen",
      "code" : "MAC",
      "display" : "Macau"
    },
    {
      "system" : "http://fhir.de/CodeSystem/deuev/anlage-8-laenderkennzeichen",
      "code" : "RM",
      "display" : "Madagaskar"
    },
    {
      "system" : "http://fhir.de/CodeSystem/deuev/anlage-8-laenderkennzeichen",
      "code" : "MK",
      "display" : "Makedonien / Mazedonien"
    },
    {
      "system" : "http://fhir.de/CodeSystem/deuev/anlage-8-laenderkennzeichen",
      "code" : "MW",
      "display" : "Malawi"
    },
    {
      "system" : "http://fhir.de/CodeSystem/deuev/anlage-8-laenderkennzeichen",
      "code" : "MAL",
      "display" : "Malaysia"
    },
    {
      "system" : "http://fhir.de/CodeSystem/deuev/anlage-8-laenderkennzeichen",
      "code" : "BIO",
      "display" : "Malediven"
    },
    {
      "system" : "http://fhir.de/CodeSystem/deuev/anlage-8-laenderkennzeichen",
      "code" : "RMM",
      "display" : "Mali"
    },
    {
      "system" : "http://fhir.de/CodeSystem/deuev/anlage-8-laenderkennzeichen",
      "code" : "M",
      "display" : "Malta"
    },
    {
      "system" : "http://fhir.de/CodeSystem/deuev/anlage-8-laenderkennzeichen",
      "code" : "MA",
      "display" : "Marokko"
    },
    {
      "system" : "http://fhir.de/CodeSystem/deuev/anlage-8-laenderkennzeichen",
      "code" : "MAR",
      "display" : "Marshallinseln"
    },
    {
      "system" : "http://fhir.de/CodeSystem/deuev/anlage-8-laenderkennzeichen",
      "code" : "MAT",
      "display" : "Martinique"
    },
    {
      "system" : "http://fhir.de/CodeSystem/deuev/anlage-8-laenderkennzeichen",
      "code" : "RIM",
      "display" : "Mauretanien"
    },
    {
      "system" : "http://fhir.de/CodeSystem/deuev/anlage-8-laenderkennzeichen",
      "code" : "MS",
      "display" : "Mauritius"
    },
    {
      "system" : "http://fhir.de/CodeSystem/deuev/anlage-8-laenderkennzeichen",
      "code" : "MAY",
      "display" : "Mayotte"
    },
    {
      "system" : "http://fhir.de/CodeSystem/deuev/anlage-8-laenderkennzeichen",
      "code" : "MEX",
      "display" : "Mexiko"
    },
    {
      "system" : "http://fhir.de/CodeSystem/deuev/anlage-8-laenderkennzeichen",
      "code" : "MIK",
      "display" : "\"Mikronesien, Föderierte Staaten von\""
    },
    {
      "system" : "http://fhir.de/CodeSystem/deuev/anlage-8-laenderkennzeichen",
      "code" : "MD",
      "display" : "Moldau"
    },
    {
      "system" : "http://fhir.de/CodeSystem/deuev/anlage-8-laenderkennzeichen",
      "code" : "MC",
      "display" : "Monaco"
    },
    {
      "system" : "http://fhir.de/CodeSystem/deuev/anlage-8-laenderkennzeichen",
      "code" : "MON",
      "display" : "Mongolei"
    },
    {
      "system" : "http://fhir.de/CodeSystem/deuev/anlage-8-laenderkennzeichen",
      "code" : "MNE",
      "display" : "Montenegro"
    },
    {
      "system" : "http://fhir.de/CodeSystem/deuev/anlage-8-laenderkennzeichen",
      "code" : "MOT",
      "display" : "Montserrat"
    },
    {
      "system" : "http://fhir.de/CodeSystem/deuev/anlage-8-laenderkennzeichen",
      "code" : "MOZ",
      "display" : "Mosambik"
    },
    {
      "system" : "http://fhir.de/CodeSystem/deuev/anlage-8-laenderkennzeichen",
      "code" : "MYA",
      "display" : "Myanmar"
    },
    {
      "system" : "http://fhir.de/CodeSystem/deuev/anlage-8-laenderkennzeichen",
      "code" : "SWA",
      "display" : "Namibia"
    },
    {
      "system" : "http://fhir.de/CodeSystem/deuev/anlage-8-laenderkennzeichen",
      "code" : "NAU",
      "display" : "Nauru"
    },
    {
      "system" : "http://fhir.de/CodeSystem/deuev/anlage-8-laenderkennzeichen",
      "code" : "NEP",
      "display" : "Nepal"
    },
    {
      "system" : "http://fhir.de/CodeSystem/deuev/anlage-8-laenderkennzeichen",
      "code" : "NKA",
      "display" : "Neukaledonien"
    },
    {
      "system" : "http://fhir.de/CodeSystem/deuev/anlage-8-laenderkennzeichen",
      "code" : "NZ",
      "display" : "Neuseeland"
    },
    {
      "system" : "http://fhir.de/CodeSystem/deuev/anlage-8-laenderkennzeichen",
      "code" : "NIC",
      "display" : "Nicaragua"
    },
    {
      "system" : "http://fhir.de/CodeSystem/deuev/anlage-8-laenderkennzeichen",
      "code" : "NL",
      "display" : "Niederlande"
    },
    {
      "system" : "http://fhir.de/CodeSystem/deuev/anlage-8-laenderkennzeichen",
      "code" : "NLA",
      "display" : "Niederländische Antillen"
    },
    {
      "system" : "http://fhir.de/CodeSystem/deuev/anlage-8-laenderkennzeichen",
      "code" : "RN",
      "display" : "Niger"
    },
    {
      "system" : "http://fhir.de/CodeSystem/deuev/anlage-8-laenderkennzeichen",
      "code" : "WAN",
      "display" : "Nigeria"
    },
    {
      "system" : "http://fhir.de/CodeSystem/deuev/anlage-8-laenderkennzeichen",
      "code" : "NIU",
      "display" : "Niue"
    },
    {
      "system" : "http://fhir.de/CodeSystem/deuev/anlage-8-laenderkennzeichen",
      "code" : "NMA",
      "display" : "Nördliche Marianen"
    },
    {
      "system" : "http://fhir.de/CodeSystem/deuev/anlage-8-laenderkennzeichen",
      "code" : "N",
      "display" : "Norwegen"
    },
    {
      "system" : "http://fhir.de/CodeSystem/deuev/anlage-8-laenderkennzeichen",
      "code" : "MAO",
      "display" : "Oman"
    },
    {
      "system" : "http://fhir.de/CodeSystem/deuev/anlage-8-laenderkennzeichen",
      "code" : "A",
      "display" : "Österreich"
    },
    {
      "system" : "http://fhir.de/CodeSystem/deuev/anlage-8-laenderkennzeichen",
      "code" : "PK",
      "display" : "Pakistan"
    },
    {
      "system" : "http://fhir.de/CodeSystem/deuev/anlage-8-laenderkennzeichen",
      "code" : "PSE",
      "display" : "Palästinensische Gebiete"
    },
    {
      "system" : "http://fhir.de/CodeSystem/deuev/anlage-8-laenderkennzeichen",
      "code" : "PAL",
      "display" : "Palau"
    },
    {
      "system" : "http://fhir.de/CodeSystem/deuev/anlage-8-laenderkennzeichen",
      "code" : "PA",
      "display" : "Panama"
    },
    {
      "system" : "http://fhir.de/CodeSystem/deuev/anlage-8-laenderkennzeichen",
      "code" : "PNG",
      "display" : "Papua-Neugiunea"
    },
    {
      "system" : "http://fhir.de/CodeSystem/deuev/anlage-8-laenderkennzeichen",
      "code" : "PY",
      "display" : "Paraguay"
    },
    {
      "system" : "http://fhir.de/CodeSystem/deuev/anlage-8-laenderkennzeichen",
      "code" : "PIN",
      "display" : "Pazifische Inseln (Marianen- und Karolineninseln)"
    },
    {
      "system" : "http://fhir.de/CodeSystem/deuev/anlage-8-laenderkennzeichen",
      "code" : "PE",
      "display" : "Peru"
    },
    {
      "system" : "http://fhir.de/CodeSystem/deuev/anlage-8-laenderkennzeichen",
      "code" : "RP",
      "display" : "Philippinen"
    },
    {
      "system" : "http://fhir.de/CodeSystem/deuev/anlage-8-laenderkennzeichen",
      "code" : "PIT",
      "display" : "Pitcairn-Insel"
    },
    {
      "system" : "http://fhir.de/CodeSystem/deuev/anlage-8-laenderkennzeichen",
      "code" : "PL",
      "display" : "Polen"
    },
    {
      "system" : "http://fhir.de/CodeSystem/deuev/anlage-8-laenderkennzeichen",
      "code" : "P",
      "display" : "Portugal"
    },
    {
      "system" : "http://fhir.de/CodeSystem/deuev/anlage-8-laenderkennzeichen",
      "code" : "PRI",
      "display" : "Puerto Rico"
    },
    {
      "system" : "http://fhir.de/CodeSystem/deuev/anlage-8-laenderkennzeichen",
      "code" : "REU",
      "display" : "Réunion"
    },
    {
      "system" : "http://fhir.de/CodeSystem/deuev/anlage-8-laenderkennzeichen",
      "code" : "RWA",
      "display" : "Ruanda"
    },
    {
      "system" : "http://fhir.de/CodeSystem/deuev/anlage-8-laenderkennzeichen",
      "code" : "RO",
      "display" : "Rumänien"
    },
    {
      "system" : "http://fhir.de/CodeSystem/deuev/anlage-8-laenderkennzeichen",
      "code" : "RUS",
      "display" : "Russische Föderation"
    },
    {
      "system" : "http://fhir.de/CodeSystem/deuev/anlage-8-laenderkennzeichen",
      "code" : "PIE",
      "display" : "Saint Pierre und Miquelon"
    },
    {
      "system" : "http://fhir.de/CodeSystem/deuev/anlage-8-laenderkennzeichen",
      "code" : "SOL",
      "display" : "Salomonen"
    },
    {
      "system" : "http://fhir.de/CodeSystem/deuev/anlage-8-laenderkennzeichen",
      "code" : "Z",
      "display" : "Sambia"
    },
    {
      "system" : "http://fhir.de/CodeSystem/deuev/anlage-8-laenderkennzeichen",
      "code" : "WS",
      "display" : "Samoa"
    },
    {
      "system" : "http://fhir.de/CodeSystem/deuev/anlage-8-laenderkennzeichen",
      "code" : "RSM",
      "display" : "San Marino"
    },
    {
      "system" : "http://fhir.de/CodeSystem/deuev/anlage-8-laenderkennzeichen",
      "code" : "STP",
      "display" : "Sao Tomé und Principe"
    },
    {
      "system" : "http://fhir.de/CodeSystem/deuev/anlage-8-laenderkennzeichen",
      "code" : "SAU",
      "display" : "Saudi-Arabien"
    },
    {
      "system" : "http://fhir.de/CodeSystem/deuev/anlage-8-laenderkennzeichen",
      "code" : "S",
      "display" : "Schweden"
    },
    {
      "system" : "http://fhir.de/CodeSystem/deuev/anlage-8-laenderkennzeichen",
      "code" : "CH",
      "display" : "Schweiz"
    },
    {
      "system" : "http://fhir.de/CodeSystem/deuev/anlage-8-laenderkennzeichen",
      "code" : "SN",
      "display" : "Senegal"
    },
    {
      "system" : "http://fhir.de/CodeSystem/deuev/anlage-8-laenderkennzeichen",
      "code" : "SRB",
      "display" : "Serbien (einschl. Kosovo)"
    },
    {
      "system" : "http://fhir.de/CodeSystem/deuev/anlage-8-laenderkennzeichen",
      "code" : "SCG",
      "display" : "Serbien und Montenegro"
    },
    {
      "system" : "http://fhir.de/CodeSystem/deuev/anlage-8-laenderkennzeichen",
      "code" : "SY",
      "display" : "Seychellen"
    },
    {
      "system" : "http://fhir.de/CodeSystem/deuev/anlage-8-laenderkennzeichen",
      "code" : "WAL",
      "display" : "Sierra Leone"
    },
    {
      "system" : "http://fhir.de/CodeSystem/deuev/anlage-8-laenderkennzeichen",
      "code" : "ZW",
      "display" : "Simbabwe"
    },
    {
      "system" : "http://fhir.de/CodeSystem/deuev/anlage-8-laenderkennzeichen",
      "code" : "SGP",
      "display" : "Singapur"
    },
    {
      "system" : "http://fhir.de/CodeSystem/deuev/anlage-8-laenderkennzeichen",
      "code" : "SK",
      "display" : "Slowakei"
    },
    {
      "system" : "http://fhir.de/CodeSystem/deuev/anlage-8-laenderkennzeichen",
      "code" : "SLO",
      "display" : "Slowenien"
    },
    {
      "system" : "http://fhir.de/CodeSystem/deuev/anlage-8-laenderkennzeichen",
      "code" : "SP",
      "display" : "Somalia"
    },
    {
      "system" : "http://fhir.de/CodeSystem/deuev/anlage-8-laenderkennzeichen",
      "code" : "E",
      "display" : "Spanien"
    },
    {
      "system" : "http://fhir.de/CodeSystem/deuev/anlage-8-laenderkennzeichen",
      "code" : "CL",
      "display" : "Sri Lanka"
    },
    {
      "system" : "http://fhir.de/CodeSystem/deuev/anlage-8-laenderkennzeichen",
      "code" : "HEL",
      "display" : "St. Helena einschl. Ascension"
    },
    {
      "system" : "http://fhir.de/CodeSystem/deuev/anlage-8-laenderkennzeichen",
      "code" : "SCN",
      "display" : "St. Kitts und Nevis"
    },
    {
      "system" : "http://fhir.de/CodeSystem/deuev/anlage-8-laenderkennzeichen",
      "code" : "WL",
      "display" : "St. Lucia"
    },
    {
      "system" : "http://fhir.de/CodeSystem/deuev/anlage-8-laenderkennzeichen",
      "code" : "WV",
      "display" : "St. Vincent und die Grenadinen"
    },
    {
      "system" : "http://fhir.de/CodeSystem/deuev/anlage-8-laenderkennzeichen",
      "code" : "ZA",
      "display" : "Südafrika"
    },
    {
      "system" : "http://fhir.de/CodeSystem/deuev/anlage-8-laenderkennzeichen",
      "code" : "SUD",
      "display" : "Sudan"
    },
    {
      "system" : "http://fhir.de/CodeSystem/deuev/anlage-8-laenderkennzeichen",
      "code" : "SDN",
      "display" : "Republik Sudan (ohne Südsudan)"
    },
    {
      "system" : "http://fhir.de/CodeSystem/deuev/anlage-8-laenderkennzeichen",
      "code" : "SSD",
      "display" : "Südsudan (Republik Südsudan)"
    },
    {
      "system" : "http://fhir.de/CodeSystem/deuev/anlage-8-laenderkennzeichen",
      "code" : "SME",
      "display" : "Suriname"
    },
    {
      "system" : "http://fhir.de/CodeSystem/deuev/anlage-8-laenderkennzeichen",
      "code" : "SD",
      "display" : "Swasiland"
    },
    {
      "system" : "http://fhir.de/CodeSystem/deuev/anlage-8-laenderkennzeichen",
      "code" : "SYR",
      "display" : "\"Syrien, Arabische Republik\""
    },
    {
      "system" : "http://fhir.de/CodeSystem/deuev/anlage-8-laenderkennzeichen",
      "code" : "TAD",
      "display" : "Tadschikistan"
    },
    {
      "system" : "http://fhir.de/CodeSystem/deuev/anlage-8-laenderkennzeichen",
      "code" : "TWN",
      "display" : "Taiwan"
    },
    {
      "system" : "http://fhir.de/CodeSystem/deuev/anlage-8-laenderkennzeichen",
      "code" : "EAT",
      "display" : "\"Tansania, Vereinigte Republik\""
    },
    {
      "system" : "http://fhir.de/CodeSystem/deuev/anlage-8-laenderkennzeichen",
      "code" : "T",
      "display" : "Thailand"
    },
    {
      "system" : "http://fhir.de/CodeSystem/deuev/anlage-8-laenderkennzeichen",
      "code" : "OTI",
      "display" : "Timor-Leste"
    },
    {
      "system" : "http://fhir.de/CodeSystem/deuev/anlage-8-laenderkennzeichen",
      "code" : "TG",
      "display" : "Togo"
    },
    {
      "system" : "http://fhir.de/CodeSystem/deuev/anlage-8-laenderkennzeichen",
      "code" : "TOK",
      "display" : "Tokelau-Inseln"
    },
    {
      "system" : "http://fhir.de/CodeSystem/deuev/anlage-8-laenderkennzeichen",
      "code" : "TON",
      "display" : "Tonga"
    },
    {
      "system" : "http://fhir.de/CodeSystem/deuev/anlage-8-laenderkennzeichen",
      "code" : "TT",
      "display" : "Trinidad und Tobago"
    },
    {
      "system" : "http://fhir.de/CodeSystem/deuev/anlage-8-laenderkennzeichen",
      "code" : "CHD",
      "display" : "Tschad"
    },
    {
      "system" : "http://fhir.de/CodeSystem/deuev/anlage-8-laenderkennzeichen",
      "code" : "CZ",
      "display" : "Tschechische Republik"
    },
    {
      "system" : "http://fhir.de/CodeSystem/deuev/anlage-8-laenderkennzeichen",
      "code" : "TN",
      "display" : "Tunesien"
    },
    {
      "system" : "http://fhir.de/CodeSystem/deuev/anlage-8-laenderkennzeichen",
      "code" : "TR",
      "display" : "Türkei"
    },
    {
      "system" : "http://fhir.de/CodeSystem/deuev/anlage-8-laenderkennzeichen",
      "code" : "TUR",
      "display" : "Turkmenistan"
    },
    {
      "system" : "http://fhir.de/CodeSystem/deuev/anlage-8-laenderkennzeichen",
      "code" : "TUC",
      "display" : "Turks- und Caicosinseln"
    },
    {
      "system" : "http://fhir.de/CodeSystem/deuev/anlage-8-laenderkennzeichen",
      "code" : "TUV",
      "display" : "Tuvalu"
    },
    {
      "system" : "http://fhir.de/CodeSystem/deuev/anlage-8-laenderkennzeichen",
      "code" : "EAU",
      "display" : "Uganda"
    },
    {
      "system" : "http://fhir.de/CodeSystem/deuev/anlage-8-laenderkennzeichen",
      "code" : "UA",
      "display" : "Ukraine"
    },
    {
      "system" : "http://fhir.de/CodeSystem/deuev/anlage-8-laenderkennzeichen",
      "code" : "H",
      "display" : "Ungarn"
    },
    {
      "system" : "http://fhir.de/CodeSystem/deuev/anlage-8-laenderkennzeichen",
      "code" : "ROU",
      "display" : "Uruguay"
    },
    {
      "system" : "http://fhir.de/CodeSystem/deuev/anlage-8-laenderkennzeichen",
      "code" : "USB",
      "display" : "Usbekistan"
    },
    {
      "system" : "http://fhir.de/CodeSystem/deuev/anlage-8-laenderkennzeichen",
      "code" : "VAN",
      "display" : "Vanuatu"
    },
    {
      "system" : "http://fhir.de/CodeSystem/deuev/anlage-8-laenderkennzeichen",
      "code" : "V",
      "display" : "Vatikanstadt"
    },
    {
      "system" : "http://fhir.de/CodeSystem/deuev/anlage-8-laenderkennzeichen",
      "code" : "YV",
      "display" : "Venezuela"
    },
    {
      "system" : "http://fhir.de/CodeSystem/deuev/anlage-8-laenderkennzeichen",
      "code" : "UAE",
      "display" : "Vereinigte Arabische Emirate"
    },
    {
      "system" : "http://fhir.de/CodeSystem/deuev/anlage-8-laenderkennzeichen",
      "code" : "USA",
      "display" : "Vereinigte Staaten"
    },
    {
      "system" : "http://fhir.de/CodeSystem/deuev/anlage-8-laenderkennzeichen",
      "code" : "VN",
      "display" : "Vietnam"
    },
    {
      "system" : "http://fhir.de/CodeSystem/deuev/anlage-8-laenderkennzeichen",
      "code" : "BY",
      "display" : "Weißrußland (Belarus)"
    },
    {
      "system" : "http://fhir.de/CodeSystem/deuev/anlage-8-laenderkennzeichen",
      "code" : "RCA",
      "display" : "Zentralafrikanische Republik"
    },
    {
      "system" : "http://fhir.de/CodeSystem/deuev/anlage-8-laenderkennzeichen",
      "code" : "CY",
      "display" : "Zypern"
    }]
  }
}